{
  "DummyClassifier": {
    "accuracy": 0.7375,
    "f1": 0.0,
    "roc_auc": 0.5
  },
  "LogisticRegression": {
    "accuracy": 0.8119444444444445,
    "f1": 0.5606748864373783,
    "roc_auc": 0.7976914875596609
  },
  "DecisionTree": {
    "accuracy": 0.8383333333333334,
    "f1": 0.6576470588235294,
    "roc_auc": 0.8397899540649071
  },
  "RandomForest": {
    "accuracy": 0.8897222222222222,
    "f1": 0.7589556769884639,
    "roc_auc": 0.9235380982273639
  },
  "HistGradientBoosting": {
    "accuracy": 0.9033333333333333,
    "f1": 0.7983777520278099,
    "roc_auc": 0.9284014388345838
  }
}